competition,player.url,id,slug,name,nickname,firstname,lastname,gender,date_of_birth,place_of_birth,weight,height,international,twitter,instagram,country,team,team.shortname,team.foundation,team.shield,shirt_number,position,photo,stadium,stadium.image
Primera División,https://www.laliga.com/en-ES/player/abdellah-raihani,32823,abdellah-raihani,Abde Raihani,Abde,Abde,Raihani,male,2004-02-03T00:00:00+00:00,Barcelona,,,False,,,MA,Atlético de Madrid,ATM,1903-04-26T00:00:00+0000,https://assets.laliga.com/assets/2019/06/07/medium/atletico.png,34,Forward,,Civitas Metropolitano,https://assets.laliga.com/assets/2019/06/17/medium/935f92c15c4d3442ef3f6d843beba0e1.png
Primera División,https://www.laliga.com/en-ES/player/abdessamad-ezzalzouli,13770,abdessamad-ezzalzouli,Abdessamad Ezzalzouli,Abde,Abdessamad,Ezzalzouli,male,2001-12-17T00:00:00+00:00,Beni Melal,72,177,False,,,MA,CA Osasuna,OSA,1920-11-17T00:00:00+0000,https://assets.laliga.com/assets/2019/06/07/medium/osasuna.png,12,Forward,https://assets.laliga.com/squad/2023/t450/p500745/512x556/p500745_t450_2023_0_001_000.png,Estadio El Sadar,https://assets.laliga.com/assets/2021/01/20/medium/c1b35f03ff875a4a12c7dcbd477d964a.png
Primera División,https://www.laliga.com/en-ES/player/abdul-mumin,27064,abdul-mumin,Abdul Mumin,A. Mumin,Abdul,Mumin,male,1998-06-06T00:00:00+00:00,,79,188,False,,,GH,Rayo Vallecano,RAY,1924-05-20T00:00:00+0000,https://assets.laliga.com/assets/2023/04/27/medium/57d9950a8745ead226c04d37235c0786.png,16,Defender,https://assets.laliga.com/squad/2023/t184/p232016/512x556/p232016_t184_2023_0_001_000.png,Estadio de Vallecas,https://assets.laliga.com/assets/2019/08/12/medium/b86a37d70be8931c079066cc8c48817f.png
Primera División,https://www.laliga.com/en-ES/player/abdon,200,abdon,Abdón Prats,Abdón,Abdón,Prats,male,1992-12-07T00:00:00+00:00,Artá,81,181,False,,,ES,RCD Mallorca,MLL,1916-03-06T00:00:00+0000,https://assets.laliga.com/assets/2023/03/22/medium/013ae97735bc8e519dcf30f6826168ca.png,9,Forward,https://assets.laliga.com/squad/2023/t181/p92187/512x556/p92187_t181_2023_0_001_000.png,Estadi Mallorca Son Moix,https://assets.laliga.com/assets/2019/08/07/medium/6f67f604b5025b10ef0dc14d700586ae.png
Primera División,https://www.laliga.com/en-ES/player/abner,32224,abner,Abner Vinícius da Silva Santos,Abner,Abner Vinícius,da Silva Santos,male,2000-05-27T00:00:00+00:00,,75,182,False,,,BR,Real Betis,BET,1907-09-12T00:00:00+0000,https://assets.laliga.com/assets/2022/09/15/medium/e4a09419d3bd115b8f3dab73d480e146.png,20,Defender,,Estadio Benito Villamarín,https://assets.laliga.com/assets/2019/06/17/medium/f211dabccff68741a75d175307d78f59.png
Primera División,https://www.laliga.com/en-ES/player/januzaj,3314,januzaj,Adnan Januzaj,Januzaj,Adnan,Januzaj,male,1995-02-05T00:00:00+00:00,Brussels,76,186,False,,,BE,,,,,,,,,
Primera División,https://www.laliga.com/en-ES/player/pedrosa-1,9223,pedrosa-1,Adrià Pedrosa,Pedrosa,Adrià,Pedrosa,male,1998-05-13T00:00:00+00:00,Barcelona,69,176,False,,,ES,RCD Espanyol de Barcelona,ESP,1900-10-23T00:00:00+0000,https://assets.laliga.com/assets/2019/06/07/medium/espanyol.png,3,Defender,,RCDE Stadium,https://assets.laliga.com/assets/2019/06/17/medium/306cc02af120e092849ddf38954bcb3e.png
Primera División,https://www.laliga.com/en-ES/player/a-corral,16960,a-corral,Adrián Corral Alciturri,A.corral,Adrián,Corral Alciturri,male,2003-01-05T00:00:00+00:00,Santander,,183,False,,,ES,Atlético de Madrid,ATM,1903-04-26T00:00:00+0000,https://assets.laliga.com/assets/2019/06/07/medium/atletico.png,48,Defender,,Civitas Metropolitano,https://assets.laliga.com/assets/2019/06/17/medium/935f92c15c4d3442ef3f6d843beba0e1.png
Primera División,https://www.laliga.com/en-ES/player/embarba,1092,embarba,Adrián Embarba,Embarba,Adrián,Embarba,male,1992-05-07T00:00:00+00:00,Madrid,66,173,True,https://twitter.com/Adri_e7,,ES,UD Almería,ALM,1989-07-17T00:00:00+0000,https://assets.laliga.com/assets/2019/06/07/medium/almeria.png,10,Forward,https://assets.laliga.com/squad/2023/t1564/p132161/512x556/p132161_t1564_2023_0_001_000.png,Power Horse Stadium,https://assets.laliga.com/assets/2019/08/12/medium/4b6ebed43e0c33b78228581b6eed6824.png
Primera División,https://www.laliga.com/en-ES/player/agustin-marchesin,7627,agustin-marchesin,Agustín Marchesín,Marchesin,Agustín,Marchesín,male,1988-03-16T00:00:00+00:00,San Cayetano,82,188,True,,,AR,RC Celta,CEL,1923-08-23T00:00:00+0000,https://assets.laliga.com/assets/2019/06/07/medium/celta.png,1,Goalkeeper,https://assets.laliga.com/squad/2023/t176/p59891/512x556/p59891_t176_2023_0_001_000.png,Estadio ABANCA Balaídos,https://assets.laliga.com/assets/2019/06/17/medium/0aef263ef366bd0b81369408adb27cd6.png
Primera División,https://www.laliga.com/en-ES/player/aihen,9539,aihen,Aihen Muñoz,Aihen,Aihen,Muñoz,male,1997-08-16T00:00:00+00:00,San Sebastián,68,175,False,,,ES,Real Sociedad,RSO,1909-09-07T00:00:00+0000,https://assets.laliga.com/assets/2019/06/07/medium/real-sociedad.png,12,Defender,https://assets.laliga.com/squad/2023/t188/p472145/512x556/p472145_t188_2023_0_001_000.png,Reale Arena,https://assets.laliga.com/assets/2019/10/03/medium/b20727f80d7b4c9d5ad18acec9b663c5.png
Primera División,https://www.laliga.com/en-ES/player/aimar-1,9808,aimar-1,Aimar Oroz,Aimar,Aimar,Oroz,male,2001-11-27T00:00:00+00:00,Pamplona,,,False,,,ES,CA Osasuna,OSA,1920-11-17T00:00:00+0000,https://assets.laliga.com/assets/2019/06/07/medium/osasuna.png,22,Midfielder,https://assets.laliga.com/squad/2023/t450/p484702/512x556/p484702_t450_2023_0_001_000.png,Estadio El Sadar,https://assets.laliga.com/assets/2021/01/20/medium/c1b35f03ff875a4a12c7dcbd477d964a.png
Primera División,https://www.laliga.com/en-ES/player/aitor-fdez,77,aitor-fdez,Aitor Fernández,Aitor Fdez.,Aitor,Fernández,male,1991-05-03T00:00:00+00:00,Arrasate,78,182,False,https://twitter.com/aitorfernande13,,ES,CA Osasuna,OSA,1920-11-17T00:00:00+0000,https://assets.laliga.com/assets/2019/06/07/medium/osasuna.png,25,Goalkeeper,https://assets.laliga.com/squad/2023/t450/p80993/512x556/p80993_t450_2023_0_001_000.png,Estadio El Sadar,https://assets.laliga.com/assets/2021/01/20/medium/c1b35f03ff875a4a12c7dcbd477d964a.png
Primera División,https://www.laliga.com/en-ES/player/aitor-gismera,32015,aitor-gismera,Aitor Gismera,Gismera,Aitor,Gismera,male,2004-02-21T00:00:00+00:00,,,,False,,,ES,Atlético de Madrid,ATM,1903-04-26T00:00:00+0000,https://assets.laliga.com/assets/2019/06/07/medium/atletico.png,39,Midfielder,,Civitas Metropolitano,https://assets.laliga.com/assets/2019/06/17/medium/935f92c15c4d3442ef3f6d843beba0e1.png
Primera División,https://www.laliga.com/en-ES/player/paredes-2,15047,paredes-2,Aitor Paredes,Paredes,Aitor,Paredes,male,2000-04-29T00:00:00+00:00,,,186,False,,,ES,Athletic Club,ATH,1898-12-31T00:00:00+0000,https://assets.laliga.com/assets/2019/06/07/medium/athletic.png,31,Defender,https://assets.laliga.com/squad/2023/t174/p440593/512x556/p440593_t174_2023_0_001_000.png,Estadio San Mamés,https://assets.laliga.com/assets/2019/06/17/medium/f020571f7c260516dfab3b9dc5df6348.png
Primera División,https://www.laliga.com/en-ES/player/aitor-r,7280,aitor-r,Aitor Ruibal,Aitor Ruibal,Aitor,Ruibal,male,1996-03-22T00:00:00+00:00,Manresa,74,176,False,,,ES,Real Betis,BET,1907-09-12T00:00:00+0000,https://assets.laliga.com/assets/2022/09/15/medium/e4a09419d3bd115b8f3dab73d480e146.png,24,Defender,https://assets.laliga.com/squad/2023/t185/p441303/512x556/p441303_t185_2023_0_001_000.png,Estadio Benito Villamarín,https://assets.laliga.com/assets/2019/06/17/medium/f211dabccff68741a75d175307d78f59.png
Primera División,https://www.laliga.com/en-ES/player/alberto-flores,25281,alberto-flores,Alberto Flores,Alberto F.,Alberto,Flores,male,2003-11-10T00:00:00+00:00,Fuentes de Andalucía,,186,False,,,ES,Sevilla FC,SEV,1905-10-14T00:00:00+0000,https://assets.laliga.com/assets/2019/06/07/medium/sevilla.png,31,Goalkeeper,https://assets.laliga.com/squad/2023/t179/p550769/512x556/p550769_t179_2023_0_001_000.png,Ramón Sánchez-Pizjuán,https://assets.laliga.com/assets/2021/01/20/medium/5a52ab192cd4e4b1cc3e3a752d99c4e8.png
Primera División,https://www.laliga.com/en-ES/player/alberto-mari,12405,alberto-mari,Alberto Mari,A. Marí,Alberto,Mari,male,2001-07-11T00:00:00+00:00,,,,False,,,ES,Valencia CF,VAL,1919-03-18T00:00:00+0000,https://assets.laliga.com/assets/2019/06/07/medium/valencia.png,46,Forward,,Camp de Mestalla,https://assets.laliga.com/assets/2019/06/17/medium/984682326cdbb55f5034778b7690a795.png
Primera División,https://www.laliga.com/en-ES/player/alberto-moreno,22853,alberto-moreno,Alberto Moreno Rebanal,Alber,Alberto,Moreno Rebanal,male,2002-04-19T00:00:00+00:00,Madrid,,175,False,,,ES,Atlético de Madrid,ATM,1903-04-26T00:00:00+0000,https://assets.laliga.com/assets/2019/06/07/medium/atletico.png,32,Midfielder,,Civitas Metropolitano,https://assets.laliga.com/assets/2019/06/17/medium/935f92c15c4d3442ef3f6d843beba0e1.png